{
    "loss": 0.38031092286109924,
    "accuracy": 0.9568965435028076
}